{
  "name": "angular-bindonce",
  "version": "0.3.3",
  "main": "bindonce.js",
  "description": "Zero watchers binding directives for AngularJS",
  "homepage": "https://github.com/Pasvaz/bindonce",
  "author": "Pasquale Vazzana <pasqualevazzana@gmail.com>",
  "repository": {
    "type": "git",
    "url": "https://github.com/Pasvaz/bindonce.git"
  },
  "license": "MIT",
  "ignore": [
    "**/.*",
    "node_modules",
    "components"
  ],
  "dependencies": {},
  "keywords": [
    "angularjs",
    "angular",
    "directive",
    "binding",
    "watcher",
    "bindonce"
  ],
  "_release": "0.3.3",
  "_resolution": {
    "type": "version",
    "tag": "0.3.3",
    "commit": "0fcf71e6effc88179893c9c06baf6c6bf9037632"
  },
  "_source": "git://github.com/Pasvaz/bindonce.git",
  "_target": "~0.3.1",
  "_originalSource": "angular-bindonce"
}