{
  "name": "Chart.js",
  "version": "1.0.1-beta.4",
  "description": "Simple HTML5 Charts using the canvas element",
  "homepage": "https://github.com/nnnick/Chart.js",
  "author": "nnnick",
  "main": [
    "Chart.min.js"
  ],
  "dependencies": {},
  "_release": "1.0.1-beta.4",
  "_resolution": {
    "type": "version",
    "tag": "v1.0.1-beta.4",
    "commit": "8b840ce56be51b61dfc2d4e40e56304c880c541b"
  },
  "_source": "git://github.com/nnnick/Chart.js.git",
  "_target": "v1.0.1-beta.4",
  "_originalSource": "chartjs"
}