{
  "sources": [
    "src"
  ],
  "dependencies": {
    "Kestrel": {
      "version": "1.0.0-beta3",
      "sha": "hd6otGZYyN2DjoDtpf0P0Cou0eGRdFOG95D1ytAUf7GJUYWmvCwDAeS1PDjcesx28Fq+oVZGsxSDhpuRKdDX3Q=="
    },
    "Microsoft.AspNet.Mvc": {
      "version": "6.0.0-beta3",
      "sha": "EV44SbXMQu4tFH9v1wsNaPxBEAvL3iP8DJI70gdjx0g4RQWFXGxrelun2/ylCAo0p+ermM8NIo/47c4bo0nt1Q=="
    },
    "EntityFramework.InMemory": {
      "version": "7.0.0-beta3",
      "sha": "Zki6jCvfn4OVDBog70vMY4ceiGacGG7MGOjgFnvkfgf4VUUkWle4eT31CHjEwhLlC71pCP8JkB5pBsd7axiEyA=="
    },
    "EntityFramework.SqlServer": {
      "version": "7.0.0-beta3",
      "sha": "8PFX28UhTAxlYcAzPWcsrWDPayF0NMGaLbLTDtcWvhEfh5jlgJ34V/5e8WnsJ2r20wYHJAhAZRiEVERZzTXBTw=="
    },
    "Microsoft.AspNet.Identity.EntityFramework": {
      "version": "3.0.0-beta3",
      "sha": "DjyWnRIvpItfCTsAQPs1P3llD4XIQAUCP9CGwgpvv44E047OBKPdnGomW44tFadwkktzJmMPDRrdgOmX5hTxEA=="
    },
    "Microsoft.VisualStudio.Web.BrowserLink.Loader": {
      "version": "14.0.0-beta3",
      "sha": "jfm3xfho+RZpOPUwQY4/Saq0CfpqIj+Anrtv+q93IJsyQ+0qpIUMA91K7Xx4BI7b2KOAZAn1OCAiLrG/MqW89A=="
    },
    "Microsoft.AspNet.Security.Cookies": {
      "version": "1.0.0-beta3",
      "sha": "3XE36EydvO0yePMC6nRgbmPPblzHe81wHyjqAg0baEpXae54X0V6cAZjXXJiPMqHHICQxx4dpP1kOjXZ1BvZ+A=="
    },
    "Microsoft.AspNet.Server.IIS": {
      "version": "1.0.0-beta3",
      "sha": "l46+yGPsDYEy08j2oXd6deIDDI97Q10vVN1IgTmJAeahLNp2P3eNnwrOA4Nz5UA/MOsM1+EQRqLt6HrVHSpPMg=="
    },
    "Microsoft.AspNet.Server.WebListener": {
      "version": "1.0.0-beta3",
      "sha": "0ClTq4gLVAVoHe61TjrjkK6qVnQRp/qZlxLupauqMiOyWbfvYi65iudkkr/8Azyk/u5hBLT670OD63aeQdIm7w=="
    },
    "Microsoft.AspNet.StaticFiles": {
      "version": "1.0.0-beta3",
      "sha": "YnGF5iOv7nIXQZgKUzXfRGN3bGsAwtjN7yeLmxtTR/unfsyIBy+81ORG1FHiCUJnGOPti6HTWkAKNUeZsAJzPw=="
    },
    "Microsoft.Framework.ConfigurationModel.Json": {
      "version": "1.0.0-beta3",
      "sha": "slEXxVOljEhSJBreyTzURnO41/pbu4LlXcEIRqgtsofpXWPx0UBVuwm8xTWqVtzigJ6X6LOF6rxroSkgguvvJg=="
    },
    "Microsoft.Framework.OptionsModel": {
      "version": "1.0.0-beta3",
      "sha": "Usz+yZm+Ba2EUtr11ic6nX1egTBtUWKWQ8O6gv3vWB42UX9G7nZmM7H2bR4wV+4tvAYd4VvdMj9057O9eoFrnA=="
    },
    "Microsoft.AspNet.Diagnostics": {
      "version": "1.0.0-beta3",
      "sha": "91+sX0hn04KPNJZPkA2ISjTCwGb+Dwyb5AU5U7jasXGvfR/OayXAnXcyQBJgCKSAfO/lz918fV3uDkERwrYGvA=="
    },
    "Microsoft.AspNet.SignalR.Server": {
      "version": "3.0.0-beta3",
      "sha": "OB1WVRrFwoY80nXTmxb8KnnJt7JGIo71nzX3l1UPk+k7+PvyHu6QksI/rj96AX1D+LCbo+UIHlfghodmf02jow=="
    },
    "Microsoft.CodeAnalysis.CSharp": {
      "version": "1.0.0-rc1",
      "sha": "He6TRIQIWSiS+pq6kQyaNdQEH5EktBITCO40lTS8SGr+Dq2gJfBOwXqTzK7ZhFH82Clj78j5y4SbtP2ITnSwIw=="
    },
    "Microsoft.AspNet.Hosting": {
      "version": "1.0.0-beta3",
      "sha": "hchHrRUsJ9/oi+4pjzJFxVoubma/AKHY3Rn44Gnyd+MF4XcDlztcYVj4MZQTFDMqT45FqIXAWKZG59+Ro3iW7w=="
    },
    "Microsoft.AspNet.Server.Kestrel": {
      "version": "1.0.0-beta3",
      "sha": "ERfmbvGRpL7NbwFExHcdzHh55wNVVGnRiWuAeROnbEg0qi/6+bb6fpam3mnYETEH+UZpRXh40C3EPQ/Un989WA=="
    },
    "Microsoft.AspNet.Mvc.Razor": {
      "version": "6.0.0-beta3",
      "sha": "nui2RcLPnfTNk6OF8ucmzdzL9QAuhQQpme37hbZKs0Q3xqLjYhn4xmqOI8ah1R88wRM762KC/Hi2Z8wSFfzang=="
    },
    "Microsoft.Framework.Cache.Memory": {
      "version": "1.0.0-beta3",
      "sha": "xQc4REDUv/xjgYvVU7VpPYnRCDX2gS3fbKfWPQ5kL4117sPoTZ/wVXTgvb89AbdQZiPH5ByGipNiMnzi95/rYg=="
    },
    "EntityFramework.Core": {
      "version": "7.0.0-beta3",
      "sha": "gsXGg0/z4atRLwwVOLaMOLLFk4OgHI9SI01Gw6ufyFe4e8UYbliLFoLMTau5cGNHIMd+lh1B6eDR/4Dl/iyelQ=="
    },
    "EntityFramework.Relational": {
      "version": "7.0.0-beta3",
      "sha": "IVwgxoJjOA5FnrHuwo3rllFMZmGgW50D0TQn6PI0XxUhXdlMFWNPsGwlQkzzNobaKZuY7hV9nRIQrIB7jZgqQg=="
    },
    "Microsoft.AspNet.Identity": {
      "version": "3.0.0-beta3",
      "sha": "qaB0cLRRKQiNladLnK0pOp+Dqhx33gLM+L1xPXlnc//P2T3GRk9q4AkSg6zJGGfTVGtjbMGzKgb45MOCpFp8Kw=="
    },
    "Microsoft.AspNet.Http": {
      "version": "1.0.0-beta3",
      "sha": "scxMlzhZUsYSz//p9C8QT7wov9UuleM6KRV7A4Hx2MhnhkMD1BFzwpHaJPdij/f692/1ICx+T9aloN4Q9XpOyg=="
    },
    "Microsoft.AspNet.FileProviders": {
      "version": "1.0.0-beta3",
      "sha": "gsrkDvGuEdM8wMT8cIEmS0/5aBR73bKa8LppTQwyCllQ6UkKjD5B6aEzkpFagW5u2ci21wMhFeA3Eq+JIEpsPA=="
    },
    "Microsoft.Framework.Runtime.Interfaces": {
      "version": "1.0.0-beta3",
      "sha": "HFls1fjVx7CD5/XUFtwhg0vu90jdMvJLj4KwSYicQagFHGHgk8IyU8IFHNfkJHqn1ACUK1s2qDIhbwXIOM1jug=="
    },
    "Microsoft.AspNet.Security": {
      "version": "1.0.0-beta3",
      "sha": "x0uCiUBboEDWNEKCKUOxFZD8y9qd87Y7BTc9iNw6Xh9PY9tYZgEg9PKs7I8G8jgMcWpD861hhVFdaNRFjIkT1A=="
    },
    "Newtonsoft.Json": {
      "version": "6.0.6",
      "sha": "w26uZNyCG5VeoKiEOJ4+9/o8koSofLKwHl7WLreIcp0U6r57L7WiRXmjp8MTKFw6dYNZ9AE0lw69WYbIhUsU9Q=="
    },
    "Microsoft.AspNet.Loader.IIS.Interop": {
      "version": "1.0.0-beta3",
      "sha": "55okUTHQOzvQIOCrZ649JvYv4lWpagGIJkF9znzYh0RbDufjZmF9hn0lIi+L5biHQULi6Kmz/K4TD6eTbiHESQ=="
    },
    "Microsoft.AspNet.Loader.IIS": {
      "version": "1.0.0-beta3",
      "sha": "5pv+SbpxPjF1y5HJgmXRkVVlosW3sqwkF+8xjctKr3RBcX3PlRj+dFjyCyWlWg9YGUwkBe9AsKS9D6imRRrkvA=="
    },
    "Microsoft.AspNet.FeatureModel": {
      "version": "1.0.0-beta3",
      "sha": "MhdovFlIT3oy9sBmwvVcXxbziyc9CkrBm/VkJPtrZGw0D9Jd5sud20ejNvTptPpGc/nDKCAT/zsr/XGI0Z8owg=="
    },
    "Microsoft.Framework.ConfigurationModel": {
      "version": "1.0.0-beta3",
      "sha": "BFTQSZMO9nEUWwRgKZofYYuI9U5DfAAxKKypXrPUm7eI6O0ysQ5XGlvoWYkF2mVvlh+13hB4ozAYpIdySofcig=="
    },
    "Microsoft.Framework.Logging": {
      "version": "1.0.0-beta3",
      "sha": "qDXH+9KoTtR7XSCwTBEjTEVSOtMWXp9ULQwAzxf1et6h/891oRWNTS6ZfOi3kiMwz8NFhR9bylOj9AsQfPsSAg=="
    },
    "Microsoft.Net.Http.Server": {
      "version": "1.0.0-beta3",
      "sha": "Rafi2lFlwbA8S4uj2g3OJ/YZtd2I8WkG2xFz39JHuWjOMtoFJ/DOWEC92ZCpvAvx541DNmEMnCxImylRBn5zEg=="
    },
    "Microsoft.Net.WebSocketAbstractions": {
      "version": "1.0.0-beta3",
      "sha": "VNJFwttI/DqZ5VaevVNATmga6lgE3eSM5Zon2k5POudSTGsfgqb+al6rxXpgW9KvJ29KBL3X31aZFkxvWEoMfg=="
    },
    "Microsoft.AspNet.Http.Extensions": {
      "version": "1.0.0-beta3",
      "sha": "kgbCeFP7/qVTKv4FfFEEu+dhXgvub+aJe1XSE1NNqMxEa0Od9eJ8DxeGVJWUTK73DKoG/o9cB++CpKxywutCgA=="
    },
    "Microsoft.Framework.DependencyInjection": {
      "version": "1.0.0-beta3",
      "sha": "f3ov4cWy+4kRqsAq83d8DNszNrwfOJn/V+1yumC74IqWsJaJWMBRS4ySUcblYcb3x6zs2QvofuvjvqFP2MQ17Q=="
    },
    "Microsoft.AspNet.RequestContainer": {
      "version": "1.0.0-beta3",
      "sha": "a7wmjqRWfXml2op26G2oRNPMgZU5rufCRk3I1vsUfrKqmfxkefzZfGfihK4DaWFnvKG8xFvHm09sxRSG0GfIjg=="
    },
    "Microsoft.AspNet.Security.DataProtection": {
      "version": "1.0.0-beta3",
      "sha": "DPR3hJbVavQbDb4uahbils8Z3NfeDIQyw7A4uOy50/jAFMxEpJ4v9BShAJPVkoUD4XmO/I0wxw1prvJJr00zHQ=="
    },
    "Microsoft.CodeAnalysis.Common": {
      "version": "1.0.0-rc1",
      "sha": "XhNm4vL8hXLxJwVNuwnTPsc7hzK+cu6tqLTaeml5JeyWwJxfXYJLgKWQQsKsKivRYVBFnRJTIr5mwlk9GtMemw=="
    },
    "System.Data.SqlClient": {
      "version": "4.0.0-beta-22605",
      "sha": "9spKCZqNmCYeacDZscDR7R3qvRT2dI1kyAY4zl3iv2WSTcj6sSh/ry2hptjqLr4ihIspoiRp3aPw+gW5r+NihA=="
    },
    "Microsoft.AspNet.Http.Core": {
      "version": "1.0.0-beta3",
      "sha": "T16BkWchs0B1wl4rqom+ioBGyyf7HFnxPs8chhCz6dtvOHhyD+T0uN7w+0mcYOVNiyO846hTGLVhn/WZ+cz6/Q=="
    },
    "Microsoft.AspNet.Mvc.Core": {
      "version": "6.0.0-beta3",
      "sha": "49YvZD+PzlQl1CvglJAETe048IlRCHqutt95WfrtqnkSGxm7/KcZKlZxU76zzJAvGD9xy932MPwPKwUBdXkj1Q=="
    },
    "Microsoft.AspNet.Mvc.Razor.Host": {
      "version": "6.0.0-beta3",
      "sha": "Rp8zR8wSaDwxsWCmH4SKY8GNFxlTymaJsQ0LQ50h2KTqZhvaYgg0qSVYgzqPFlBves3BEJJ2p28Qg8Agd436CQ=="
    },
    "Microsoft.Framework.Runtime.Roslyn.Common": {
      "version": "1.0.0-beta3",
      "sha": "XXHJINFEEgcaKkHv6cmDDhbxhd6YeanH2b0QaNDTcbJ3SOUOlgneJrLEbROce2f1n9YWOEwo6mcOqjPWYqjivA=="
    },
    "Ix-Async": {
      "version": "1.2.3",
      "sha": "ytmPAD08eQL81pJRSjl13uN2cATHgOSGELx4uKnkFcI9fu9d+l2XlOdpXkqnJvFp/85svr65yatzDzNNIMD8Lg=="
    },
    "Remotion.Linq": {
      "version": "1.15.15.0",
      "sha": "AKSioFZ9bbFa29F97XYYwXlReOcfk42C+/vV8D9D+8q887MXBzXQBsJC41vsE4bbZCLZ6+HTBzjXZyotscNdxw=="
    },
    "Microsoft.AspNet.FileProviders.Interfaces": {
      "version": "1.0.0-beta3",
      "sha": "jVn7eahbyp435eg3fGd9l2vAolh9oq/f7G54V2ijdbTyGFGfQEoGEmeVRZRB0zeB4Z0PunsLva+De+YbLVGHDg=="
    },
    "Microsoft.Framework.Logging.Interfaces": {
      "version": "1.0.0-beta3",
      "sha": "luSLi6eUYflkdA9ilZgyRna5UGDfk4LiIOiAvJ5zBRrgED4yZrO/gVOD2iFl0YaYbj0n9KcVPxCsgqkseMEPCA=="
    },
    "Microsoft.Net.WebSockets": {
      "version": "1.0.0-beta3",
      "sha": "gW84zNGmLQkhd5Qbb7ZpKWHsJb3Ha9qoaNMfRrNRohn3Immlyeu3ou2B7qDjn7OzgQTOLVQh5V4BUz9hF+AVrg=="
    },
    "Microsoft.Net.Http.Headers": {
      "version": "1.0.0-beta3",
      "sha": "ZHQNWTUAzm+ebNFm7wwM3K7fkHC/utZ4DdwkODgkdwMIAPmcfyKmb82LbgdOrkFXt4ZwukDKMMORt6vOoiK+7g=="
    },
    "System.Collections.Immutable": {
      "version": "1.1.33-beta",
      "sha": "Qnv6M/BRf0w1xNoD5tH7V+jK0kdO+OZymwQS5Lj6FALt3AZMGVeJs+lHXi1PsKFll67UtGY+I7r8WDhRzspXCA=="
    },
    "System.Reflection.Metadata": {
      "version": "1.0.18-beta",
      "sha": "4PtC2U6seQthZMvXvGTxXZUqlF0oV9jzYNTkG0Yo/D6cLO5AH3lrxh2djGyKsDYnAZjBCoyA/z3vHRCeaBEp4w=="
    },
    "Microsoft.CodeAnalysis.Analyzers": {
      "version": "1.0.0-rc1",
      "sha": "ZCO2g5wZQNM0vH1vAuUFa0d7SFwM+Fa6UBD4YjtNBFrm9yv2hizA98F/+JRL9tLiBnbIDqoqKLD1Qcj+XhLLog=="
    },
    "System.Data.Common": {
      "version": "4.0.0-beta-22605",
      "sha": "QdRXqWzKyuSBQzvMjtvw7sKJOdlnT7KFRH7/lh2whiHmCMJI8b/qr7DKD70Znm1L+y7fduNGu1hMJvGNHhR/Tw=="
    },
    "System.Globalization": {
      "version": "4.0.10-beta-22231",
      "sha": "e9ceyaHF/3UR7KHNWkxrO8xBet58yQdkX6iOYHNFRittu0OPNFXMXNfZJpXnxzI5hWop3zp2/+flyyuMevV+xw=="
    },
    "System.IO": {
      "version": "4.0.10-beta-22231",
      "sha": "EdJrv2X/XGww0Pa7n62EgTzMowbok2QvFhv9aNnraN06baluqhA//bZ1P15O/8BtSq51jzYqW9vXrTU/Kiz95A=="
    },
    "System.Runtime": {
      "version": "4.0.20-beta-22231",
      "sha": "8CFWYP0ldITYQqgfMR6Wn7yjpOzrVzwkfDWHd3PtppILgmvo6rjuJd+KfZTCdacbf1WUbWsp1yuJcTpDYI3RUw=="
    },
    "System.Threading.Tasks": {
      "version": "4.0.10-beta-22231",
      "sha": "lPHfw+jq9ENtRDTRgY9gCpiiphQzIi5Oh/Wg/2Jf6xJN+FH+oWWcCozaKvRT8Ovt5iNraDLbGBLoUoQvGTTXog=="
    },
    "System.Xml.ReaderWriter": {
      "version": "4.0.10-beta-22231",
      "sha": "lCaHS/CVu6RNZLkdApd4Jjq43dZ9Az0PEWxNn9pYAb41hJzh2ya2bLPOlYIpIfFia/Nti4rx8vPIHm7FKscPeA=="
    },
    "Microsoft.AspNet.Http.Interfaces": {
      "version": "1.0.0-beta3",
      "sha": "iFUW+Y7SkDkVds0UnlrGai8Upg0Hj5tUZBmf0cXxdv7ybrZSvsGZUdVJ4hYuk/elUuf4cn/RlWKIHdzhHPmd1g=="
    },
    "Microsoft.AspNet.WebUtilities": {
      "version": "1.0.0-beta3",
      "sha": "fb1/FpClz8dz8WgB1AlFBZPQlwZDfMbNJwr4SSKk83EmR6Vk5+KqiGSg4DpHhzFLbl5J8i5U5uQrZUgX5WiuLQ=="
    },
    "Microsoft.AspNet.Mvc.ModelBinding": {
      "version": "6.0.0-beta3",
      "sha": "U+G71gCW9i7vfgkkPS9EhlixY9DCHiFtUB4+HjgGShFqZ4L3tED0ExGgzsjd8RPMoSv8x0p0rwq5AcQAV/U1og=="
    },
    "Microsoft.AspNet.Routing": {
      "version": "1.0.0-beta3",
      "sha": "pgikP3ruiVkhksJ7rs62FYab6TU477q4tfkIi8jv8LIwHxDUCL6JicqVqkWsouHvA9NtW+zBFCazbkdHO1fvlg=="
    },
    "Microsoft.AspNet.Razor.Runtime": {
      "version": "4.0.0-beta3",
      "sha": "ftbd9aKWesgVk6SOOcaEQ6N7Tfu/8N5dECTEt4POy3MOAlGMjuOirmUuSzeRCLyer0QueK0jHZt6j4jJxaxZEQ=="
    },
    "System.Text.Encoding": {
      "version": "4.0.10-beta-22231",
      "sha": "qHdaFAtqeplZ4VHyxmkJDs38UN3rP9OzayYd3I7sGQD4GRFtnpJF0NGWIUMVqd229z4GrsaVVPvNNwd0mgbr+w=="
    },
    "Microsoft.AspNet.Razor": {
      "version": "4.0.0-beta3",
      "sha": "xOffBOp4zb/A4nbl0E3tn4MGrzoVEVHq09tkX/NtVn6z/G/XlVNwa6ocxCIyPw/EZScD9hDfZTPgf5HDFpyV5Q=="
    }
  },
  "packages": "packages"
}